<?xml version="1.0" encoding="UTF-8"?>
<!--suppress SpringFacetInspection -->
<beans xmlns="http://www.springframework.org/schema/beans"
       xmlns:xsi="http://www.w3.org/2001/XMLSchema-instance"
       xmlns:aop="http://www.springframework.org/schema/aop"
       xmlns:context="http://www.springframework.org/schema/context"
       xmlns:tx="http://www.springframework.org/schema/tx"
       xmlns:mvc="http://www.springframework.org/schema/mvc"
       xmlns:p="http://www.springframework.org/schema/p" xmlns:contex="http://www.springframework.org/schema/context"
       xsi:schemaLocation="
                        http://www.springframework.org/schema/beans
                        http://www.springframework.org/schema/beans/spring-beans.xsd
                        http://www.springframework.org/schema/aop
                        http://www.springframework.org/schema/aop/spring-aop.xsd
                        http://www.springframework.org/schema/context
                        http://www.springframework.org/schema/context/spring-context.xsd
                        http://www.springframework.org/schema/tx
                        http://www.springframework.org/schema/tx/spring-tx.xsd
                        http://www.springframework.org/schema/mvc
                        http://www.springframework.org/schema/mvc/spring-mvc.xsd">
    <mvc:annotation-driven/>
    <context:component-scan base-package="com.bj.controller"/>
    <!--配置多视图解析器-->
    <bean class="org.springframework.web.accept.ContentNegotiationManagerFactoryBean">
        <property name="favorParameter" value="true"/>
        <property name="defaultContentType" value="text/html"/>
        <property name="mediaTypes">
            <map>
                <entry key="html" value="text/html;charset=UTF-8"/>
                <entry key="json" value="application/json;charset=UTF-8"/>
                <entry key="xml" value="application/xml;charset=UTF-8"/>
            </map>
        </property>
    </bean>
    <bean class="org.springframework.web.servlet.view.InternalResourceViewResolver">
        <property name="prefix" value="/jsp/"/>
        <property name="suffix" value=".jsp"/>
    </bean>
    <!--静态资源-->
    <!--<mvc:resources mapping="/statics/**" location="/statics/"/>-->

    <!--spring mvc 注解支持和消息转换器-->
    <mvc:annotation-driven>
        <mvc:message-converters>
            <!--Sprping消息转换器 防止中文乱码-->
            <bean class="org.springframework.http.converter.StringHttpMessageConverter">
                <property name="supportedMediaTypes">
                    <list>
                        <value>application/json;charset=utf-8</value>
                    </list>
                </property>
            </bean>
            <!--fastJson 消息转换器-->
            <bean class="com.alibaba.fastjson.support.spring.FastJsonHttpMessageConverter">
                <property name="supportedMediaTypes">
                    <list>
                        <value>application/json;charset=utf-8</value>
                    </list>
                </property>
                <property name="features">
                    <list>
                        <value>WriteDateUseDateFormat</value>
                    </list>
                </property>
            </bean>
        </mvc:message-converters>
    </mvc:annotation-driven>

    <!--文件上传-->
    <bean class="org.springframework.web.multipart.commons.CommonsMultipartResolver" id="multipartResolver">
        <property name="defaultEncoding" value="UTF-8"/>
        <property name="maxUploadSize" value="500000000"/>
    </bean>
    <!--拦截器-->
    <!--<mvc:interceptors>-->
    <!--<mvc:interceptor>-->
    <!--<mvc:mapping path="/sys/**"/>-->
    <!--<bean class="cn.appsys.interceptor.SysInterceptor"/>-->
    <!--</mvc:interceptor>-->
    <!--</mvc:interceptors>-->

</beans>